{
    "texture_data": {
        "monster_egg": {
            "textures": [
                "textures/blocks/infested/infest",
                "textures/blocks/infested/infest",
                "textures/blocks/infested/infest",
                "textures/blocks/infested/infest",
                "textures/blocks/infested/infest",
                "textures/blocks/infested/infest"
            ]
        },
        "deepslateinfested": {
            "textures": [
                "textures/blocks/infested/infest"
            ]
        }
    },
    "texture_name": "atlas.terrain"
}